
insert into a_news_config(id,news_need_audit,comment_need_audit,could_comment,category_strategy,template_name) values(1,0,0,0,0,'default');


INSERT INTO A_SECURITY_DEPT(ID,PARENT_ID,NAME,DESCN,THE_SORT) VALUES(1,NULL,'技术部','',0);
INSERT INTO A_SECURITY_DEPT(ID,PARENT_ID,NAME,DESCN,THE_SORT) VALUES(2,NULL,'市场部',NULL,3);
INSERT INTO A_SECURITY_DEPT(ID,PARENT_ID,NAME,DESCN,THE_SORT) VALUES(3,NULL,'销售部','销售',4);
INSERT INTO A_SECURITY_DEPT(ID,PARENT_ID,NAME,DESCN,THE_SORT) VALUES(4,1,'研发部',NULL,1);
INSERT INTO A_SECURITY_DEPT(ID,PARENT_ID,NAME,DESCN,THE_SORT) VALUES(5,1,'产品部',NULL,2);
INSERT INTO A_SECURITY_USER(ID,DEPT_ID,USERNAME,PASSWORD,STATUS,CODE,TRUENAME,SEX,BIRTHDAY,TEL,MOBILE,EMAIL,DUTY,DESCN) VALUES(1,NULL,'admin','21232f297a57a5a743894a0e4a801fc3',1,NULL,NULL,NULL,NULL,NULL,NULL,'admin@springside.org.cn',NULL,'admin ');
INSERT INTO A_SECURITY_USER(ID,DEPT_ID,USERNAME,PASSWORD,STATUS,CODE,TRUENAME,SEX,BIRTHDAY,TEL,MOBILE,EMAIL,DUTY,DESCN) VALUES(2,NULL,'employee','fa5473530e4d1a5a1e1eb53d2fedb10c',1,NULL,NULL,NULL,NULL,NULL,NULL,'employee@springside.org.cn',NULL,NULL);
INSERT INTO A_SECURITY_USER(ID,DEPT_ID,USERNAME,PASSWORD,STATUS,CODE,TRUENAME,SEX,BIRTHDAY,TEL,MOBILE,EMAIL,DUTY,DESCN) VALUES(21,NULL,'lingo','f51f27c591e29215b07b788cd56e1349',1,NULL,NULL,NULL,NULL,NULL,NULL,'echo_o@163.com',NULL,'lingo');
INSERT INTO A_SECURITY_USER(ID,DEPT_ID,USERNAME,PASSWORD,STATUS,CODE,TRUENAME,SEX,BIRTHDAY,TEL,MOBILE,EMAIL,DUTY,DESCN) VALUES(22,NULL,'test','098f6bcd4621d373cade4e832627b4f6',NULL,NULL,NULL,NULL,NULL,NULL,NULL,'test',NULL,'test');
INSERT INTO A_SECURITY_USER(ID,DEPT_ID,USERNAME,PASSWORD,STATUS,CODE,TRUENAME,SEX,BIRTHDAY,TEL,MOBILE,EMAIL,DUTY,DESCN) VALUES(23,NULL,'test1','098f6bcd4621d373cade4e832627b4f6',NULL,NULL,NULL,NULL,NULL,NULL,NULL,'test',NULL,'test');
INSERT INTO A_SECURITY_USER(ID,DEPT_ID,USERNAME,PASSWORD,STATUS,CODE,TRUENAME,SEX,BIRTHDAY,TEL,MOBILE,EMAIL,DUTY,DESCN) VALUES(24,NULL,'test1','098f6bcd4621d373cade4e832627b4f6',NULL,NULL,NULL,NULL,NULL,NULL,NULL,'test',NULL,'test');
INSERT INTO A_SECURITY_USER(ID,DEPT_ID,USERNAME,PASSWORD,STATUS,CODE,TRUENAME,SEX,BIRTHDAY,TEL,MOBILE,EMAIL,DUTY,DESCN) VALUES(25,NULL,'tst','098f6bcd4621d373cade4e832627b4f6',NULL,NULL,NULL,NULL,NULL,NULL,NULL,'aa',NULL,'aaaaa');
INSERT INTO A_SECURITY_USER(ID,DEPT_ID,USERNAME,PASSWORD,STATUS,CODE,TRUENAME,SEX,BIRTHDAY,TEL,MOBILE,EMAIL,DUTY,DESCN) VALUES(26,2,'test3','098f6bcd4621d373cade4e832627b4f6',NULL,NULL,NULL,NULL,NULL,NULL,NULL,'t',NULL,'t');
INSERT INTO A_SECURITY_ROLE(ID,NAME,DESCN) VALUES(1,'ROLE_ADMIN','管理员');
INSERT INTO A_SECURITY_ROLE(ID,NAME,DESCN) VALUES(2,'ROLE_EMPLOYEE','员工');
INSERT INTO A_SECURITY_ROLE(ID,NAME,DESCN) VALUES(3,'ROLE_LINGO','开发测试');
INSERT INTO A_SECURITY_RESOURCE(ID,NAME,RES_TYPE,RES_STRING,DESCN) VALUES(1,'登录后台','URL','/admin/**','');
INSERT INTO A_SECURITY_RESOURCE(ID,NAME,RES_TYPE,RES_STRING,DESCN) VALUES(2,'用户管理','URL','/user/**','');
INSERT INTO A_SECURITY_RESOURCE(ID,NAME,RES_TYPE,RES_STRING,DESCN) VALUES(3,'角色管理','URL','/role/**','');
INSERT INTO A_SECURITY_RESOURCE(ID,NAME,RES_TYPE,RES_STRING,DESCN) VALUES(4,'访问资源','URL','/resource/**','');
INSERT INTO A_SECURITY_RESOURCE(ID,NAME,RES_TYPE,RES_STRING,DESCN) VALUES(14,'菜单管理','URL','/menu/**','');
INSERT INTO A_SECURITY_RESOURCE(ID,NAME,RES_TYPE,RES_STRING,DESCN) VALUES(15,'首页','URL','/index.jsp**','');
INSERT INTO A_SECURITY_MENU(ID,PARENT_ID,NAME,TITLE,TIP,IMAGE,FORWARD,TARGET,DESCN,THE_SORT) VALUES(1,NULL,'Menu','Menu','','','','','',5);
INSERT INTO A_SECURITY_MENU(ID,PARENT_ID,NAME,TITLE,TIP,IMAGE,FORWARD,TARGET,DESCN,THE_SORT) VALUES(2,NULL,'Logout','Logout','','','','','',9);
INSERT INTO A_SECURITY_MENU(ID,PARENT_ID,NAME,TITLE,TIP,IMAGE,FORWARD,TARGET,DESCN,THE_SORT) VALUES(3,1,'ListMenu','ListMenu','tip','../images/icon/16x16/manage.gif','menu/list.htm','dblselect','desc',7);
INSERT INTO A_SECURITY_MENU(ID,PARENT_ID,NAME,TITLE,TIP,IMAGE,FORWARD,TARGET,DESCN,THE_SORT) VALUES(4,1,'AddMenu','AddMenu','tip','../images/icon/16x16/new.gif','menu/create.htm','dblselect','desc',8);
INSERT INTO A_SECURITY_MENU(ID,PARENT_ID,NAME,TITLE,TIP,IMAGE,FORWARD,TARGET,DESCN,THE_SORT) VALUES(5,2,'Logout','Logout','tip','../images/icon/16x16/group.jpg','j_acegi_logout','top','desc',10);
INSERT INTO A_SECURITY_MENU(ID,PARENT_ID,NAME,TITLE,TIP,IMAGE,FORWARD,TARGET,DESCN,THE_SORT) VALUES(13,1,'MenuRole','MenuRole','','../images/icon/16x16/manage.gif','menu/listMenuRole.htm','dblselect','',6);
INSERT INTO A_SECURITY_MENU(ID,PARENT_ID,NAME,TITLE,TIP,IMAGE,FORWARD,TARGET,DESCN,THE_SORT) VALUES(14,NULL,'auth','auth','','','','','',0)
INSERT INTO A_SECURITY_MENU(ID,PARENT_ID,NAME,TITLE,TIP,IMAGE,FORWARD,TARGET,DESCN,THE_SORT) VALUES(15,14,'user','user','','../images/icon/16x16/manage.gif','user/list.htm','dblselect','',4);
INSERT INTO A_SECURITY_MENU(ID,PARENT_ID,NAME,TITLE,TIP,IMAGE,FORWARD,TARGET,DESCN,THE_SORT) VALUES(16,14,'role','role','','../images/icon/16x16/manage.gif','role/list.htm','dblselect','',3);
INSERT INTO A_SECURITY_MENU(ID,PARENT_ID,NAME,TITLE,TIP,IMAGE,FORWARD,TARGET,DESCN,THE_SORT) VALUES(17,14,'resources','resources','','../images/icon/16x16/manage.gif','../resource/index.htm','dblselect','',2);
INSERT INTO A_SECURITY_MENU(ID,PARENT_ID,NAME,TITLE,TIP,IMAGE,FORWARD,TARGET,DESCN,THE_SORT) VALUES(43,14,'dept','dept','','../images/icon/16x16/manage.gif','../dept/index.htm','dblselect','',1);
INSERT INTO A_SECURITY_ROLE_USER(USER_ID,ROLE_ID) VALUES(1,1);
INSERT INTO A_SECURITY_ROLE_USER(USER_ID,ROLE_ID) VALUES(2,2);
INSERT INTO A_SECURITY_ROLE_USER(USER_ID,ROLE_ID) VALUES(21,3);
INSERT INTO A_SECURITY_ROLE_USER(USER_ID,ROLE_ID) VALUES(25,1);
INSERT INTO A_SECURITY_ROLE_USER(USER_ID,ROLE_ID) VALUES(25,2);
INSERT INTO A_SECURITY_ROLE_USER(USER_ID,ROLE_ID) VALUES(25,3);
INSERT INTO A_SECURITY_ROLE_USER(USER_ID,ROLE_ID) VALUES(26,1);
INSERT INTO A_SECURITY_ROLE_USER(USER_ID,ROLE_ID) VALUES(26,2);
INSERT INTO A_SECURITY_RESOURCE_ROLE(ROLE_ID,RESOURCE_ID) VALUES(1,1);
INSERT INTO A_SECURITY_RESOURCE_ROLE(ROLE_ID,RESOURCE_ID) VALUES(1,2);
INSERT INTO A_SECURITY_RESOURCE_ROLE(ROLE_ID,RESOURCE_ID) VALUES(1,3);
INSERT INTO A_SECURITY_RESOURCE_ROLE(ROLE_ID,RESOURCE_ID) VALUES(1,4);
INSERT INTO A_SECURITY_RESOURCE_ROLE(ROLE_ID,RESOURCE_ID) VALUES(1,14);
INSERT INTO A_SECURITY_RESOURCE_ROLE(ROLE_ID,RESOURCE_ID) VALUES(1,15);
INSERT INTO A_SECURITY_RESOURCE_ROLE(ROLE_ID,RESOURCE_ID) VALUES(2,1);
INSERT INTO A_SECURITY_RESOURCE_ROLE(ROLE_ID,RESOURCE_ID) VALUES(2,2);
INSERT INTO A_SECURITY_RESOURCE_ROLE(ROLE_ID,RESOURCE_ID) VALUES(2,3);
INSERT INTO A_SECURITY_RESOURCE_ROLE(ROLE_ID,RESOURCE_ID) VALUES(2,4);
INSERT INTO A_SECURITY_RESOURCE_ROLE(ROLE_ID,RESOURCE_ID) VALUES(2,14);
INSERT INTO A_SECURITY_RESOURCE_ROLE(ROLE_ID,RESOURCE_ID) VALUES(2,15);
INSERT INTO A_SECURITY_MENU_ROLE(ROLE_ID,MENU_ID) VALUES(1,1);
INSERT INTO A_SECURITY_MENU_ROLE(ROLE_ID,MENU_ID) VALUES(1,2);
INSERT INTO A_SECURITY_MENU_ROLE(ROLE_ID,MENU_ID) VALUES(1,3);
INSERT INTO A_SECURITY_MENU_ROLE(ROLE_ID,MENU_ID) VALUES(1,4);
INSERT INTO A_SECURITY_MENU_ROLE(ROLE_ID,MENU_ID) VALUES(1,5);
INSERT INTO A_SECURITY_MENU_ROLE(ROLE_ID,MENU_ID) VALUES(1,13);
INSERT INTO A_SECURITY_MENU_ROLE(ROLE_ID,MENU_ID) VALUES(1,14);
INSERT INTO A_SECURITY_MENU_ROLE(ROLE_ID,MENU_ID) VALUES(1,15);
INSERT INTO A_SECURITY_MENU_ROLE(ROLE_ID,MENU_ID) VALUES(1,16);
INSERT INTO A_SECURITY_MENU_ROLE(ROLE_ID,MENU_ID) VALUES(1,17);
INSERT INTO A_SECURITY_MENU_ROLE(ROLE_ID,MENU_ID) VALUES(1,43);
INSERT INTO A_SECURITY_MENU_ROLE(ROLE_ID,MENU_ID) VALUES(2,2);
INSERT INTO A_SECURITY_MENU_ROLE(ROLE_ID,MENU_ID) VALUES(2,5);
INSERT INTO A_SECURITY_MENU_ROLE(ROLE_ID,MENU_ID) VALUES(3,1);
INSERT INTO A_SECURITY_MENU_ROLE(ROLE_ID,MENU_ID) VALUES(3,2);
INSERT INTO A_SECURITY_MENU_ROLE(ROLE_ID,MENU_ID) VALUES(3,3);
INSERT INTO A_SECURITY_MENU_ROLE(ROLE_ID,MENU_ID) VALUES(3,4);
INSERT INTO A_SECURITY_MENU_ROLE(ROLE_ID,MENU_ID) VALUES(3,5);
INSERT INTO A_SECURITY_MENU_ROLE(ROLE_ID,MENU_ID) VALUES(3,13);
INSERT INTO A_SECURITY_MENU_ROLE(ROLE_ID,MENU_ID) VALUES(3,14);
INSERT INTO A_SECURITY_MENU_ROLE(ROLE_ID,MENU_ID) VALUES(3,15);
INSERT INTO A_SECURITY_MENU_ROLE(ROLE_ID,MENU_ID) VALUES(3,16);
INSERT INTO A_SECURITY_MENU_ROLE(ROLE_ID,MENU_ID) VALUES(3,17);
INSERT INTO A_SECURITY_MENU_ROLE(ROLE_ID,MENU_ID) VALUES(3,43);
